n_periods,mean_return,return_std,per_period_sharpe,annualized_sharpe,skew,kurtosis,psr_gt_0,psr_stat,method,benchmark_sr,note
14015,1.4225078779707636e-05,0.003182295200665175,0.004470068891388284,0.14791808511356624,10.748438376110373,574.5754226900009,0.7059340928222011,0.5415452542878061,regime_lgbm_hmm,0.0,Diagnostic PSR on overlapping portfolio returns; not a deployable performance claim.
14015,1.0410713937240488e-05,0.0027821642548390073,0.003741947988560767,0.12382399343527044,9.84019150602205,371.1343214724781,0.6740265414764433,0.4510591519083653,regime_lgbm_kmeans,0.0,Diagnostic PSR on overlapping portfolio returns; not a deployable performance claim.
14015,7.67584700627093e-06,0.002336369814798849,0.003285373299060442,0.10871557890673408,9.845507895242434,425.2015324973558,0.6536295617843826,0.3951382297441313,global_lgbm,0.0,Diagnostic PSR on overlapping portfolio returns; not a deployable performance claim.
14015,-5.176428252336278e-06,0.0029880273659090347,-0.0017323898406671637,-0.05732613839472572,7.3219847626348225,323.0238185615721,0.4192670681058647,-0.20376884997790784,regime_lgbm_hmm_guided_hmm,0.0,Diagnostic PSR on overlapping portfolio returns; not a deployable performance claim.
14015,-1.3181205272570319e-05,0.002732497490186922,-0.004823867293531762,-0.15962555169470197,6.141095432530162,254.84280078109526,0.286930320651795,-0.5623748637970305,regime_lgbm_vol_bucket,0.0,Diagnostic PSR on overlapping portfolio returns; not a deployable performance claim.
14015,-1.592540031759252e-05,0.0027714318940586596,-0.005746271575979577,-0.19014863276468055,10.26598498252078,404.6693981009717,0.2546294033776032,-0.6599922437499405,regime_lgbm_hmm_guided_gmm,0.0,Diagnostic PSR on overlapping portfolio returns; not a deployable performance claim.
