n_periods,mean_return,return_std,per_period_sharpe,annualized_sharpe,skew,kurtosis,psr_gt_0,psr_stat,method,benchmark_sr,note
12960,-4.8297626025260184e-05,0.004694206475998878,-0.010288773251070716,-0.34046357549388945,0.26438578775211563,41.170260309683876,0.12119376506954038,-1.1690399644801681,regime_lgbm_hmm,0.0,Diagnostic PSR on overlapping portfolio returns; not a deployable performance claim.
12960,-5.6135367502505516e-05,0.0036738088157910144,-0.015279882627865846,-0.5056232988776184,0.4012080255114741,68.85456270713198,0.04175131995736703,-1.7307148242963208,global_lgbm,0.0,Diagnostic PSR on overlapping portfolio returns; not a deployable performance claim.
12960,-7.796436405226357e-05,0.004711154844567214,-0.016548885915344116,-0.5476156128323836,-0.39471863128361767,52.74445162761422,0.029599826720115463,-1.8867076851587397,regime_lgbm_contrastive_hmm,0.0,Diagnostic PSR on overlapping portfolio returns; not a deployable performance claim.
12960,-0.00011051535671931459,0.005021873567692955,-0.022006797907117615,-0.7282222008196154,-1.1447635481073257,65.55308157499229,0.005747896667798846,-2.5272552058270334,regime_lgbm_kmeans,0.0,Diagnostic PSR on overlapping portfolio returns; not a deployable performance claim.
12960,-0.00012062336704958834,0.004866078163494871,-0.024788620938007152,-0.8202749064606245,-0.2594342968313251,42.803115092059876,0.0023870753741905837,-2.821890282293718,regime_lgbm_vol_bucket,0.0,Diagnostic PSR on overlapping portfolio returns; not a deployable performance claim.
12960,-0.00012180007112912378,0.00483500499791085,-0.025191302011425467,-0.8335999389687955,-1.7195755804846742,59.199039696169045,0.0017621191985922047,-2.917876555151743,regime_lgbm_contrastive,0.0,Diagnostic PSR on overlapping portfolio returns; not a deployable performance claim.
